{"environment": "", "features": [{"name": "Check the login functionality of sphereWMS application", "status": "passed", "duration": 83.4, "filename": "Features/Sphere/Sphere_pick.feature", "scenarios": [{"name": "Parallel1 -- @1.1 ", "duration": 41.33174276351929, "status": "passed", "tags": ["Pick"], "filename": "Features/Sphere/Sphere_pick.feature", "feature": "Check the login functionality of sphereWMS application", "id_feature": 53671, "steps": [{"step_type": "given", "name": "launch the \"https://sandbox.v2.nonprod.spherewms.com/\"", "text": "None", "status": "passed", "duration": 7.188963890075684, "hash": 36883061, "index": 0}, {"step_type": "then", "name": "Enter the \"umar.anwar@spherewms.com\" in the username field", "text": "None", "status": "passed", "duration": 0.2441234588623047, "hash": 18870250, "index": 1}, {"step_type": "then", "name": "Enter the \"Silentassasin123\" in the Password field", "text": "None", "status": "passed", "duration": 1.4218389987945557, "hash": 74429566, "index": 2}, {"step_type": "then", "name": "click on login button", "text": "None", "status": "passed", "duration": 14.593934297561646, "hash": 22861109, "index": 3}, {"step_type": "then", "name": "click on Allocation Menu", "text": "None", "status": "passed", "duration": 1.0798108577728271, "hash": 80718734, "index": 4}, {"step_type": "then", "name": "click on Pick Submenu", "text": "None", "status": "passed", "duration": 5.594974994659424, "hash": 80145031, "index": 5}, {"step_type": "then", "name": "choose \"NRCC#1\" from location dropdown box", "text": "None", "status": "passed", "duration": 3.1434733867645264, "hash": 78101506, "index": 6}, {"step_type": "then", "name": "click on getNextPick button", "text": "None", "status": "passed", "duration": 8.06462287902832, "hash": 55030208, "index": 7}], "outline_index": 0, "background": {"duration": 0.0, "steps": []}, "error_msg": [], "error_lines": [], "error_step": null, "error_background": false, "id_hash": 57180226}, {"name": "Parallel2 -- @1.1 ", "duration": 42.06588888168335, "status": "passed", "tags": ["Pick1"], "filename": "Features/Sphere/Sphere_pick.feature", "feature": "Check the login functionality of sphereWMS application", "id_feature": 17002, "steps": [{"step_type": "given", "name": "launch the \"https://sandbox.v2.nonprod.spherewms.com/\"", "text": "None", "status": "passed", "duration": 7.246327877044678, "hash": 48068640, "index": 0}, {"step_type": "then", "name": "Enter the \"rajneesh.kumar@spherewms.com\" in the username field", "text": "None", "status": "passed", "duration": 0.3560011386871338, "hash": 69903119, "index": 1}, {"step_type": "then", "name": "Enter the \"26Oct@2023\" in the Password field", "text": "None", "status": "passed", "duration": 1.2610034942626953, "hash": 17788904, "index": 2}, {"step_type": "then", "name": "click on login button", "text": "None", "status": "passed", "duration": 15.081492900848389, "hash": 17148046, "index": 3}, {"step_type": "then", "name": "click on Allocation Menu", "text": "None", "status": "passed", "duration": 1.1106221675872803, "hash": 94463849, "index": 4}, {"step_type": "then", "name": "click on Pick Submenu", "text": "None", "status": "passed", "duration": 5.791573524475098, "hash": 44344679, "index": 5}, {"step_type": "then", "name": "choose \"NRCC#1\" from location dropdown box", "text": "None", "status": "passed", "duration": 3.147925853729248, "hash": 59169477, "index": 6}, {"step_type": "then", "name": "click on getNextPick button", "text": "None", "status": "passed", "duration": 8.070941925048828, "hash": 74421299, "index": 7}], "outline_index": 0, "background": {"duration": 0.0, "steps": []}, "error_msg": [], "error_lines": [], "error_step": null, "error_background": false, "id_hash": 19043952}], "background": {}, "id": 53671}], "steps_definition": {"36883061": "launch the \"{Sphere_Url}\"", "18870250": "Enter the \"{username}\" in the username field", "74429566": "Enter the \"{password}\" in the Password field", "22861109": "click on login button", "80718734": "click on Allocation Menu", "80145031": "click on Pick Submenu", "78101506": "choose \"{location}\" from location dropdown box", "55030208": "click on getNextPick button"}}